bvid,title,author,pubdate,play,view,reply,danmaku,duration,url,keyword,page,source
BV1MN4y177PB,回村三天，二舅治好了我的精神内耗,衣戈猜想,1658707200,,56359961,64293,306954,688,https://www.bilibili.com/video/BV1MN4y177PB,,1,mustwatch
BV1AM4y1M71p,破亿纪念!【猛男版】新宝岛 4K高清重置加强版,猛男舞团IconX,1625488229,,50937424,47554,431824,116,https://www.bilibili.com/video/BV1AM4y1M71p,,1,mustwatch
BV1BK411L7DJ,【罗翔】我们为什么要读书？,罗翔说刑法,1586836612,,22054113,33871,185405,608,https://www.bilibili.com/video/BV1BK411L7DJ,,1,mustwatch
BV1dR4y1F7Aq,⚡️ 中 国 人 不 蹦 洋 迪 ⚡️,钓可尔太曼,1647675009,,43736036,25970,109408,111,https://www.bilibili.com/video/BV1dR4y1F7Aq,,1,mustwatch
BV1ph4y1g75E,火柴人 VS 数学(Math),火柴人AlanBecker,1687615959,,34462138,29656,132491,843,https://www.bilibili.com/video/BV1ph4y1g75E,,1,mustwatch
BV1ED4y1Y7dc,一位粉丝想看到自己奔跑的样子,影视飓风,1669971600,,11568232,16092,50409,1129,https://www.bilibili.com/video/BV1ED4y1Y7dc,,1,mustwatch
BV1qm4y1r7BB,『从头看她』1920-2020，中国女性发型的百年变迁,朵朵花林,1680175200,,14890957,13740,19996,235,https://www.bilibili.com/video/BV1qm4y1r7BB,,1,mustwatch
BV1Rq4y1n7CR,【广场往事】《妇仇者联盟》：枪在手，跟鹅走！,导演小策,1628849268,,15187655,18470,137837,1546,https://www.bilibili.com/video/BV1Rq4y1n7CR,,1,mustwatch
BV14U4y1w7fn,这才是文化膨胀！！当岩彩画遇上汉服,莲羊的岩彩学堂,1633866628,,7972359,3454,8195,775,https://www.bilibili.com/video/BV14U4y1w7fn,,1,mustwatch
BV1gF41117fN,300天4万公里传遍中国，漂流相机终于回来了！,-LKs-,1692504000,,11435820,23362,61135,1632,https://www.bilibili.com/video/BV1gF41117fN,,1,mustwatch
BV1614y197xJ,我花了半年时间给猫做了个房子,爱鼓捣的邢志磊,1689505718,,28758457,17832,33976,165,https://www.bilibili.com/video/BV1614y197xJ,,1,mustwatch
BV1JD4y1e7Q4,无屏风表演《口技》还原文言文 ！！！,BBoxer酋长,1669262400,,18920327,18341,20240,213,https://www.bilibili.com/video/BV1JD4y1e7Q4,,1,mustwatch
BV13X4y1P7z7,2021届清华美院动画毕设 |《万华镜》——百年党庆，献礼中华五十六个民族,赶稿人,1624685098,,9410087,13348,20683,170,https://www.bilibili.com/video/BV13X4y1P7z7,,1,mustwatch
BV1bW411n7fY,【春晚鬼畜】赵本山：我就是念诗之王！【改革春风吹满地】,UP-Sings,1518339644,,126464819,331767,712996,152,https://www.bilibili.com/video/BV1bW411n7fY,,1,mustwatch
BV1yt4y1Q7SS,敢 杀 我 的 马？！,哦呼w,1594440048,,124275643,153155,794107,146,https://www.bilibili.com/video/BV1yt4y1Q7SS,,1,mustwatch
BV1qt411j7fV,【派大星的独白】一个关于正常人的故事,洛温阿特金森,1564199758,,92999360,91270,660204,222,https://www.bilibili.com/video/BV1qt411j7fV,,1,mustwatch
BV16X4y1g7wT,【才浅】15天花20万元用500克黄金敲数万锤纯手工打造三星堆黄金面具,才疏学浅的才浅,1618207101,,18908166,41613,235939,717,https://www.bilibili.com/video/BV16X4y1g7wT,,1,mustwatch
BV1cy4y1k7A2,【何同学】80年代的电脑能做什么？苹果麦金塔深度体验,老师好我叫何同学,1604585819,,16080259,23046,86421,670,https://www.bilibili.com/video/BV1cy4y1k7A2,,1,mustwatch
BV1bz4y1r7Ug,【罗翔】童话镇,核动力路灯,1609127702,,34722025,31394,118409,282,https://www.bilibili.com/video/BV1bz4y1r7Ug,,1,mustwatch
BV1ti4y1K7uw,一段旋律怎么变成一首歌？曝光学生党制作歌曲全过程:),Vicky宣宣,1616142619,,22063137,26737,34783,379,https://www.bilibili.com/video/BV1ti4y1K7uw,,1,mustwatch
BV1GK411K7Ke,【孙悟空×林黛玉】名著联姻 | 佛度众生不度我 宁负如来不负卿,_自叙_,1600395953,,19092906,24544,44347,237,https://www.bilibili.com/video/BV1GK411K7Ke,,1,mustwatch
BV1CC4y1a7ee,【木鱼微剧场】《红楼梦》（全集）,木鱼水心,1592740099,,22799342,14479,265063,41979,https://www.bilibili.com/video/BV1CC4y1a7ee,,1,mustwatch
BV1PK411L7h5,鼓乐《兰陵王入阵曲》耳机开最大！来听千军万马！！！,共青团中央,1585819813,,25370969,21401,51621,299,https://www.bilibili.com/video/BV1PK411L7h5,,1,mustwatch
BV1mi4y1b76M,【Minecraft】清明上河图 [灯火阑珊处 人在画中游]【国家建筑师】[北宋翰林张择端原本],国家建筑师Cthuwork,1585892410,,13250288,8142,60051,725,https://www.bilibili.com/video/BV1mi4y1b76M,,1,mustwatch
BV1pi4y147tQ,最 强 法 海,推背兔の,1589796036,,67249319,34951,172946,99,https://www.bilibili.com/video/BV1pi4y147tQ,,1,mustwatch
BV1FE411A7Xd,《 这才叫水视频！》 创意短片,风羽酱-sdk,1584851729,,11763232,9864,17165,367,https://www.bilibili.com/video/BV1FE411A7Xd,,1,mustwatch
BV19E41197Kc,【盛世中华】超燃！数百位8KRAW摄影师联合摄制，10分钟带你看绝美祖国大好河山！,8KRAW,1569649791,,11882829,11380,115874,1353,https://www.bilibili.com/video/BV19E41197Kc,,1,mustwatch
BV1tJ411W7hw,【才浅手工】魔刀千刃制作 究竟什么叫还原？看完你就明白了,才疏学浅的才浅,1577251104,,26269012,28150,243657,611,https://www.bilibili.com/video/BV1tJ411W7hw,,1,mustwatch
BV1w7411P7jJ,受够了，我真的不行了。好想逃。,浅葱喵asagiinyo,1582201256,,13275517,14838,37679,1133,https://www.bilibili.com/video/BV1w7411P7jJ,,1,mustwatch
BV1Jb411W7dH,【七代小丑/踩点/混剪/高燃】前方高能！欢乐与惊悚的踩点视觉盛宴！希斯莱杰诞辰40周年纪念。,迪亚瓦尔Diaval,1554368448,,24625249,10111,60367,343,https://www.bilibili.com/video/BV1Jb411W7dH,,1,mustwatch
BV12J411X7cD,73分钟看完柯南所有剧情！史上最全时间线整理！,黝黑蜗壳天眼老师,1574913609,,15461328,17158,135714,4440,https://www.bilibili.com/video/BV12J411X7cD,,1,mustwatch
BV1Nt4y1D7pW,【何同学】我拍了一张600万人的合影...,老师好我叫何同学,1596370232,,17291242,181703,142509,633,https://www.bilibili.com/video/BV1Nt4y1D7pW,,1,mustwatch
BV1Wb411v7WN,【老番茄】史上最骚杀手(第一集),老番茄,1552017635,,33084077,14951,139288,601,https://www.bilibili.com/video/BV1Wb411v7WN,,1,mustwatch
BV1Yc411h7uQ,【60帧定格动画】用高达在5分钟内跳完所有MJ的舞蹈,Moouyo默铀,1586119476,,6591486,14568,32074,585,https://www.bilibili.com/video/BV1Yc411h7uQ,,1,mustwatch
BV1x54y1e7zf,游戏科学新作《黑神话：悟空》13分钟实机演示,黑神话,1597888852,,64282464,354809,444246,782,https://www.bilibili.com/video/BV1x54y1e7zf,,1,mustwatch
BV1UE411y7Wy,你被困在2019年10月25日，如何逃出？（三种循环体+随机选项+多结局）,GoldenEggs,1572005853,,16119425,33142,944050,1575,https://www.bilibili.com/video/BV1UE411y7Wy,,1,mustwatch
BV1zp4y1U7Z5,一个人，造出让40亿人震碎的夜晚！,狂阿弥_,1593052903,,17499916,12353,86261,984,https://www.bilibili.com/video/BV1zp4y1U7Z5,,1,mustwatch
BV1mK411V7wY,龍,丿丶龙猫,1586901640,,19589234,18270,167285,270,https://www.bilibili.com/video/BV1mK411V7wY,,1,mustwatch
BV1ht411L72V,《Bad Guy》沙雕翻拍《Fat Guy》MV，送给正在减肥的自己,拉宏桑,1563013820,,10854103,9989,15868,161,https://www.bilibili.com/video/BV1ht411L72V,,1,mustwatch
BV16Z4y1H7NG,相 机 大 战,特效小哥studio,1592031651,,7723991,5996,24579,334,https://www.bilibili.com/video/BV16Z4y1H7NG,,1,mustwatch
BV1jE41137eu,【自制】技术宅UP耗时三个月，自制B站最强小电视！【硬核】【3分钟从草图到实物】,稚晖君,1584220612,,7560333,12783,33445,239,https://www.bilibili.com/video/BV1jE41137eu,,1,mustwatch
BV1dW411n7La,【FGO手书/完结纪念】诀别之时已至，其为放手世界之人,泛式,1517328036,,6585735,19089,38614,423,https://www.bilibili.com/video/BV1dW411n7La,,1,mustwatch
BV1Jb411U7u2,洛天依，原创《勾指起誓》,ilem,1550066980,,19759073,169683,81641,184,https://www.bilibili.com/video/BV1Jb411U7u2,,1,mustwatch
BV1kt411d7Ht,10分钟改善斜方肌粗大、溜肩圆肩富贵包、背厚、肩颈背疼痛、高低肩！【周六野Zoey】,周六野Zoey,1539869097,,46742697,53049,321841,1083,https://www.bilibili.com/video/BV1kt411d7Ht,,1,mustwatch
BV1Sx411T7QQ,【古筝】千本樱——你可见过如此凶残的练习曲,墨韵Moyun,1404318961,,64619101,197082,581336,295,https://www.bilibili.com/video/BV1Sx411T7QQ,,1,mustwatch
BV1Ys41167aL,【极乐净土】咬人猫/有咩酱/赤九玖❤155小分队o(*≧▽≦)ツ,=咬人猫=,1472733343,,31557225,31895,96612,227,https://www.bilibili.com/video/BV1Ys41167aL,,1,mustwatch
BV1es411D7sW,【循环向】跟着雷总摇起来！Are you OK！,Mr.Lemon,1430366150,,51030637,83161,190569,132,https://www.bilibili.com/video/BV1es411D7sW,,1,mustwatch
BV1f4411M7QC,【何同学】有多快？5G在日常使用中的真实体验,老师好我叫何同学,1559822398,,33507744,85068,241827,454,https://www.bilibili.com/video/BV1f4411M7QC,,1,mustwatch
BV1xx411c7mu,最终鬼畜蓝蓝路,TSA,1350316631,,25455423,132698,336363,318,https://www.bilibili.com/video/BV1xx411c7mu,,1,mustwatch
BV1Ss411o7vY,【红日】梁逸峰你朗诵这么屌你家里人知道吗？,吃素的狮子,1389065850,,24062184,26023,188532,175,https://www.bilibili.com/video/BV1Ss411o7vY,,1,mustwatch
BV1js411f7jY,惊艳！半年良心作★Minecraft★World of Ansesuta,火鸟台风,1372754275,,5063450,9170,57340,321,https://www.bilibili.com/video/BV1js411f7jY,,1,mustwatch
BV1gs411B7y4,主播真会玩鬼畜篇01：我是全英雄联盟最骚的骚猪!,是大腿,1462799860,,36517450,31258,169292,255,https://www.bilibili.com/video/BV1gs411B7y4,,1,mustwatch
BV12s411N7g2,史上容量最大的游戏 300GB的游戏长什么样？,神秘店长A,1532087188,,12697346,9905,15134,336,https://www.bilibili.com/video/BV12s411N7g2,,1,mustwatch
BV1fs411t7EK,【高能Rap】你从未看过的家有儿女,伊丽莎白鼠,1475301173,,31228969,31994,159562,151,https://www.bilibili.com/video/BV1fs411t7EK,,1,mustwatch
BV15W411W7NJ,千万不要跟声优斗表情包，否则你将毫无胜算,声鱼片儿,1521404348,,7396381,2781,22286,133,https://www.bilibili.com/video/BV15W411W7NJ,,1,mustwatch
BV1xx411c7XW,电磁炮真是太可爱了,アイリス,1345387488,,18373213,73940,470223,96,https://www.bilibili.com/video/BV1xx411c7XW,,1,mustwatch
BV1vx411K7jb,【散人】大型励志剧 娱乐圈小助理养成计划（20.2.20更新 叶琛番外 程语柔表白遭拒绝）,逍遥散人,1411718027,,39476380,167899,3579290,162686,https://www.bilibili.com/video/BV1vx411K7jb,,1,mustwatch
BV1Ls41127sG,【小明&老王】此物天下绝响,此物天下绝响,1444452522,,21998168,34502,262880,358,https://www.bilibili.com/video/BV1Ls41127sG,,1,mustwatch
BV1GW411g7mc,【面筋哥×波澜哥】我的烤面筋，融化你的心！,还有一天就放假了,1521797114,,62741354,115798,502125,151,https://www.bilibili.com/video/BV1GW411g7mc,,1,mustwatch
BV1Hx411V7n9,【三无】病名为爱,三无Marblue,1506704033,,14281067,22199,170289,232,https://www.bilibili.com/video/BV1Hx411V7n9,,1,mustwatch
BV1hs411Q7zf,【电音单曲】我是papi酱,伊丽莎白鼠,1457267935,,46462023,93306,471295,156,https://www.bilibili.com/video/BV1hs411Q7zf,,1,mustwatch
BV1zs411S7sz,洛天依，言和原创《普通DISCO》,ilem,1426903265,,22979690,404469,275673,206,https://www.bilibili.com/video/BV1zs411S7sz,,1,mustwatch
BV1Us411d71V,【全明星Rap】黑喂狗！,伊丽莎白鼠,1449225788,,59472641,132846,773974,220,https://www.bilibili.com/video/BV1Us411d71V,,1,mustwatch
BV1EW41167Yv,【英雄联盟】2018全球总决赛MV—登峰造极境 Rise,英雄联盟,1537966833,,27830314,48952,81695,211,https://www.bilibili.com/video/BV1EW41167Yv,,1,mustwatch
BV1px411N7Yd,【火影忍者】用战斗来祭奠这个世界 ！！,花宫二橙,1406268769,,22101899,19250,218575,229,https://www.bilibili.com/video/BV1px411N7Yd,,1,mustwatch
BV1Yx411A7wM,【成龙】我的洗发液,绯色toy,1424421074,,26543484,54812,344495,170,https://www.bilibili.com/video/BV1Yx411A7wM,,1,mustwatch
BV1Js411o76u,【炮姐/AMV】我永远都会守护在你的身边！,暗猫の祝福,1382776414,,25979303,328226,1499551,689,https://www.bilibili.com/video/BV1Js411o76u,,1,mustwatch
BV1Xs411X7wh,【矢泽妮可】妮可酱，给我来一发最带感的Niconiconi！,约谈人参,1454752852,,12189629,21485,283721,105,https://www.bilibili.com/video/BV1Xs411X7wh,,1,mustwatch
BV1nx411F7Jf,秋山澪与折木奉太郎的爱情故事 // Our Tapes,Umika,1346064390,,9458319,56514,138596,282,https://www.bilibili.com/video/BV1nx411F7Jf,,1,mustwatch
BV1Dt411r7Tv,我不仅开口说话和你吵架，还要把你周围的空气吃干净让你窒息...,狂风桑,1546002128,,9045874,5843,11385,129,https://www.bilibili.com/video/BV1Dt411r7Tv,,1,mustwatch
BV1xx411c79H,【東方】Bad Apple!! ＰＶ【影絵】,折射,1256995125,,14239854,613454,175267,219,https://www.bilibili.com/video/BV1xx411c79H,,1,mustwatch
BV1Bx411c7hB,危险的黑子,冴羽獠,1292687074,,10232209,27326,204159,91,https://www.bilibili.com/video/BV1Bx411c7hB,,1,mustwatch
BV1ix411c7Ye,【穿越】绿光,小太,1288098949,,4536553,20631,72045,152,https://www.bilibili.com/video/BV1ix411c7Ye,,1,mustwatch
BV1Vs411y7TM,【小明v老王】大忠若奸,此物天下绝响,1468052235,,15501546,32422,136308,227,https://www.bilibili.com/video/BV1Vs411y7TM,,1,mustwatch
BV1rs411S736,【去违和】周杰伦献唱核爆神曲aLIEz 与霍元甲的Mashup版本 aHUOz！,Bi哩Bi哩汪,1426079635,,14519192,26971,134091,630,https://www.bilibili.com/video/BV1rs411S736,,1,mustwatch
BV11p411o73u,电影最TOP 100：永远的喜剧之王！星爷周星驰电影全盘点,电影最TOP,1527087199,,6537586,8991,82347,3702,https://www.bilibili.com/video/BV11p411o73u,,1,mustwatch
BV1Js411Z7Nq,【北大力南逸峰】我的故事（完整版）,捐血武神,1394353934,,9077272,21441,121579,344,https://www.bilibili.com/video/BV1Js411Z7Nq,,1,mustwatch
BV1nx411F7fM,雪姨迷幻电音首单MV《你有本事抢男人》,男孩臭臭,1346831072,,3800759,4410,29584,198,https://www.bilibili.com/video/BV1nx411F7fM,,1,mustwatch
BV1YW411n7aW,【高燃/混剪/漫威/1080P】全宇宙最棒的团队：复仇者联盟,萌萌中自有天意,1518175660,,4678292,4316,23669,182,https://www.bilibili.com/video/BV1YW411n7aW,,1,mustwatch
BV1Ds411m7c5,【国际网骗】模仿7国口音玩H1Z1,Gluneko,1440257750,,4979860,7680,103375,2585,https://www.bilibili.com/video/BV1Ds411m7c5,,1,mustwatch
BV1Fx411w7GK,【魂】银魂——武士之魂,N.ec鱼丸,1310172962,,17873915,278759,804138,150,https://www.bilibili.com/video/BV1Fx411w7GK,,1,mustwatch
BV1cs411S7DX,燃起来！同步率爆表！当《西游记之大圣归来》MV遇到戴荃老师原创歌曲《悟空》,喵星人听歌,1435562249,,5903135,8764,49771,198,https://www.bilibili.com/video/BV1cs411S7DX,,1,mustwatch
BV1cb411V7Lm,《复联4》前21部漫威电影，完整的时间线剧情大串联！,努力的Lorre,1555732827,,9888278,11283,73092,2229,https://www.bilibili.com/video/BV1cb411V7Lm,,1,mustwatch
BV1Kt41147o3,【桃核x麦麥籽】改革春风吹满地！念诗之王x原创编舞x鬼畜第二弹,桃核叫我桃道长,1546772459,,3950450,4979,7104,214,https://www.bilibili.com/video/BV1Kt41147o3,,1,mustwatch
BV1Mt411D73n,【2018】年度影视混剪 Ready Story 2018,BenZammer,1544328036,,5064144,8522,28783,426,https://www.bilibili.com/video/BV1Mt411D73n,,1,mustwatch
BV1fx411c7v6,【BILIBILI大合作】无限循环祭,平安夜的噩梦,1308902255,,4400018,11167,259562,960,https://www.bilibili.com/video/BV1fx411c7v6,,1,mustwatch
BV1dx411P79c,【燃向】得入暴雪门，无悔游人生（更新OW归来版）,暴雪大法好,1417506765,,4683699,8436,43991,646,https://www.bilibili.com/video/BV1dx411P79c,,1,mustwatch
BV1es41197ai,【2016拜年祭单品】九九八十一【乐正绫 feat.洛天依】,没有龟壳的乌龟,1456070400,,16577755,138152,212516,292,https://www.bilibili.com/video/BV1es41197ai,,1,mustwatch
BV1hx411w7MG,【拜年祭】【合唱】only my bilibili,秋风AKIKAZE,1328201002,,2970276,15919,45462,258,https://www.bilibili.com/video/BV1hx411w7MG,,1,mustwatch
BV1Ys411H7QK,【敖厂长10】烂尾的游戏冒险(雅达利寻剑),敖厂长,1531410541,,5927739,52612,194417,1546,https://www.bilibili.com/video/BV1Ys411H7QK,,1,mustwatch
BV1Kx411y7TJ,【2017 Bilibili Dancing Festival 主题曲】交织together,舞蹈区小锦鲤,1487257498,,3120932,8389,34491,960,https://www.bilibili.com/video/BV1Kx411y7TJ,,1,mustwatch
BV1ts411D7mf,【Animenz】动漫钢琴演奏合集,Animenzzz,1430717851,,8965069,7756,95536,32049,https://www.bilibili.com/video/BV1ts411D7mf,,1,mustwatch
BV1Sx41117dD,【2017拜年祭单品】万神纪【星尘原创曲】,写歌的海鲜面,1486699200,,8206841,65483,74166,307,https://www.bilibili.com/video/BV1Sx41117dD,,1,mustwatch
BV1tx411P7N4,冰雪奇缘X守护者联盟【误解向】Frozen Guardian,时海,1413792115,,4530849,12133,43477,215,https://www.bilibili.com/video/BV1tx411P7N4,,1,mustwatch
BV1fs411k7Kj,感觉身体被掏空by彩虹室内合唱团,上海彩虹室内合唱团,1469585220,,4810728,4765,19396,348,https://www.bilibili.com/video/BV1fs411k7Kj,,1,mustwatch
BV1Sx411T7L3,【世界版】Blessing【原创PV】,茶理理理子,1404383079,,7331247,24193,118845,273,https://www.bilibili.com/video/BV1Sx411T7L3,,1,mustwatch
BV1es41197hA,【2016拜年祭单品】婕纶二重奏,DDF,1456070400,,5355512,11794,18023,255,https://www.bilibili.com/video/BV1es41197hA,,1,mustwatch
